"Timestamp","1. For cityscape content image, which of the following best describe its mood? ","2. For portrait content image, which of the following best describe its mood? ","3. For landscape content image, which of the following best describe its mood? ","Is the main subject of the original photo still clearly identifiable in this image? ","Does this image clearly show the texture/pattern style applied to it? (based on the reference image above) ","Which of the following best describe the mood of this image ","Are there any visual glitches, harsh colour blotches, or broken and incoherent patches?","Does this image clearly show the texture/pattern style applied to it? (","Does this image clearly show the texture/pattern style applied to it? (based on the reference image above) ","Which of the following best describe the mood of this image? ","Are there any visual glitches, harsh colour blothes, or broken and incoherent patches?","Is the main subject of the original photo still clearly identifiable in this image? ","Does this image clearly show the texture/pattern style applied to it? (based on the reference image above) ","Which of the following best describe the mood of this image? ","Are there any visual glitches, harsh colour blothes, or broken and incoherent patches?","Is the main subject of the original photo still clearly identifiable in this image? ","Does this image clearly show the texture/pattern style applied to it? (based on the reference image above) ","Which of the following best describe the mood of this image? ","Are there any visual glitches, harsh colour blothes, or broken and incoherent patches?","Is the main subject of the original photo still clearly identifiable in this image? ","Does this image clearly show the texture/pattern style applied to it? (based on the starry night reference style)","Which of the following best describe the mood of this image? ","Are there any visual glitches, harsh colour blothes, or broken and incoherent patches?","Is the main subject of the original photo still clearly identifiable in this image? ","Does this image clearly show the texture/pattern style applied to it? (based on the starry night reference style)","Which of the following best describe the mood of this image? ","Are there any visual glitches, harsh colour blothes, or broken and incoherent patches?"
"2026/09/24 7:28:02 am GMT+8","Cold","Joyful","Calm","Clearly recognisable","Somewhat present","Cold","Some","Clearly recognisable","Not present","Melancholic","Not noticeable","Not recognisable","Somewhat present","Chaotic","Severe","Not recognisable","Not present","Energetic","Severe","Partially recognisable","Somewhat present","Serene","Some","Clearly recognisable","Somewhat present","Energetic","Some"
"2026/09/24 8:52:57 am GMT+8","Chaotic","Joyful","Calm","Partially recognisable","Strongly present","Serene","Some","Clearly recognisable","Somewhat present","Calm","Not noticeable","Not recognisable","Strongly present","Chaotic","Some","Clearly recognisable","Strongly present","Calm","Some","Clearly recognisable","Strongly present","Calm","Not noticeable","Clearly recognisable","Strongly present","Joyful","Not noticeable"
"2026/09/24 10:33:37 am GMT+8","Cold","Warm","Serene","Clearly recognisable","Somewhat present","Chaotic","Some","Partially recognisable","Somewhat present","Warm","Not noticeable","Partially recognisable","Strongly present","Chaotic","Severe","Partially recognisable","Strongly present","Chaotic","Severe","Clearly recognisable","Somewhat present","Serene","Some","Clearly recognisable","Somewhat present","Warm","Some"
"2026/09/24 11:52:51 am GMT+8","Calm","Warm","Serene","Partially recognisable","Somewhat present","Cold","Some","Partially recognisable","Somewhat present","Dramatic","Some","Partially recognisable","Strongly present","Chaotic","Severe","Partially recognisable","Strongly present","Chaotic","Severe","Partially recognisable","Strongly present","Serene","Some","Partially recognisable","Somewhat present","Warm","Some"
"2026/09/24 4:07:19 pm GMT+8","Melancholic","Warm","Calm","Partially recognisable","Strongly present","Calm","Some","Partially recognisable","Not present","Chaotic","Some","Not recognisable","Strongly present","Cold","Some","Partially recognisable","Somewhat present","Dramatic","Some","Partially recognisable","Strongly present","Calm","Not noticeable","Clearly recognisable","Strongly present","Joyful","Some"
"2026/09/24 4:55:52 pm GMT+8","Cold","Tense","Tense","Clearly recognisable","Not present","Cold","Some","Not recognisable","Not present","Cold","Some","Partially recognisable","Not present","Dramatic","Severe","Partially recognisable","Not present","Chaotic","Some","Clearly recognisable","Somewhat present","Melancholic","Not noticeable","Clearly recognisable","Not present","Joyful","Not noticeable"
"2026/09/24 7:27:29 pm GMT+8","Cold","Joyful","Serene","Partially recognisable","Somewhat present","Energetic","Some","Clearly recognisable","Strongly present","Warm","Some","Clearly recognisable","Strongly present","Chaotic","Severe","Partially recognisable","Strongly present","Chaotic","Severe","Partially recognisable","Strongly present","Serene","Severe","Clearly recognisable","Strongly present","Cold","Some"
"2026/09/24 7:30:26 pm GMT+8","Melancholic","Calm","Dramatic","Clearly recognisable","Strongly present","Chaotic","Some","Partially recognisable","Somewhat present","Tense","Some","Partially recognisable","Somewhat present","Chaotic","Severe","Partially recognisable","Strongly present","Chaotic","Some","Partially recognisable","Strongly present","Dramatic","Not noticeable","Clearly recognisable","Somewhat present","Calm","Not noticeable"
"2026/09/24 7:34:46 pm GMT+8","Energetic","Joyful","Serene","Clearly recognisable","Somewhat present","Energetic","Some","Not recognisable","Somewhat present","Cold","Not noticeable","Not recognisable","Somewhat present","Chaotic","Some","Not recognisable","Somewhat present","Energetic","Some","Partially recognisable","Somewhat present","Dramatic","Some","Clearly recognisable","Somewhat present","Warm","Not noticeable"
"2026/09/24 8:38:08 pm GMT+8","Cold","Joyful","Dramatic","Partially recognisable","Somewhat present","Cold","Some","Not recognisable","Not present","Tense","Some","Partially recognisable","Not present","Chaotic","Severe","Not recognisable","Not present","Chaotic","Severe","Partially recognisable","Somewhat present","Tense","Severe","Not recognisable","Not present","Chaotic","Severe"
"2026/09/24 8:52:44 pm GMT+8","Melancholic","Joyful","Dramatic","Partially recognisable","Somewhat present","Chaotic","Not noticeable","Partially recognisable","Somewhat present","Cold","Some","Clearly recognisable","Somewhat present","Tense","Severe","Not recognisable","Not present","Tense","Some","Partially recognisable","Somewhat present","Warm","Some","Partially recognisable","Somewhat present","Chaotic","Some"
"2026/09/24 9:40:34 pm GMT+8","Cold","Warm","Serene","Partially recognisable","Somewhat present","Calm","Some","Not recognisable","Not present","Cold","Not noticeable","Not recognisable","Somewhat present","Chaotic","Severe","Partially recognisable","Not present","Tense","Severe","Partially recognisable","Somewhat present","Dramatic","Some","Clearly recognisable","Somewhat present","Warm","Some"
"2026/09/24 10:16:47 pm GMT+8","Tense","Joyful","Serene","Clearly recognisable","Somewhat present","Tense","Some","Partially recognisable","Not present","Cold","Some","Not recognisable","Somewhat present","Chaotic","Severe","Partially recognisable","Somewhat present","Warm","Some","Partially recognisable","Somewhat present","Calm","Not noticeable","Clearly recognisable","Somewhat present","Joyful","Not noticeable"